{"n_features": 33, "horizon": 6, "seq_len": 48, "mean": [131797.0, 25.871205595833814, 2.9840722443218275, 4.361913068351932, 0.1359446511826853, 1010.9600965342756, 156.69933487317678, 2.990545735489142, 11.5, 2.9983238162453483, 6.051552675477993, 0.286041960733992, 0.4583333333333333, -1.3799045636193791e-17, -5.55906070875596e-17, 0.02904724860830308, -0.10998340657841184, 8.954671660464493, 21.50929252748186, 752.4643416233647, 133.44394245823935, 133.38924256314522, 133.1850905533815, 131.94356494716837, 133.41666150370818, 45.498288505046936, 193.25886133967487, 133.31654587784658, 98.76694520777046, 275.816448622751, 50.0, 11.789025726431612, 1.0], "std": [1.0, 9.11839145033008, 2.4127471950018213, 7.624188639962894, 3.00913423587183, 5.091327927445446, 104.15666277461402, 1.9697315739621164, 6.922186552431729, 2.0017629245785, 3.194485871970901, 0.4519092358355144, 0.49826086429586053, 0.7071067811865476, 0.7071067811865476, 0.728606483900085, 0.6754202389952829, 7.562572106250073, 9.882526021650786, 467.9534322004357, 145.1054040037313, 145.1051412432994, 145.09805985698182, 145.07440006431412, 132.23304603595784, 47.05171414114025, 158.15587742390346, 92.78986784311721, 56.845244247749896, 157.37259328512016, 1.0, 3.0304647680168273e-12, 1.0], "y_mean": 133.70565116957525, "y_std": 145.09031579657778}